Dataset,Method,Metric,Scaler,Cophenet,vanDongen,adjRand
audio_features,single,braycurtis,minMax,0.3171062062219516,0.9855715871254163,0.0015660749321533781
audio_features,single,braycurtis,standard,0.1027972281854004,0.9855715871254163,0.0015660749321533781
audio_features,complete,braycurtis,minMax,0.6072254928502782,0.9855715871254163,0.0015660749321533781
audio_features,complete,braycurtis,standard,0.346390553446269,0.9855715871254163,0.0015660749321533781
audio_features,average,braycurtis,minMax,0.6705735655567562,0.9855715871254163,0.0015660749321533781
audio_features,average,braycurtis,standard,0.4492406295868048,0.9855715871254163,0.0015660749321533781
audio_features,weighted,braycurtis,minMax,0.5726439991119457,0.9855715871254163,0.0015660749321533781
audio_features,weighted,braycurtis,standard,0.3276060741087608,0.9855715871254163,0.0015660749321533781
audio_features,single,canberra,minMax,0.18632708100676135,0.9855715871254163,0.0015660749321533781
audio_features,single,canberra,standard,0.031198407272587124,0.9855715871254163,0.0015660749321533781
audio_features,complete,canberra,minMax,0.48995990990603544,0.9855715871254163,0.0015660749321533781
audio_features,complete,canberra,standard,0.3011882162651451,0.9855715871254163,0.0015660749321533781
audio_features,average,canberra,minMax,0.5823724387632407,0.9855715871254163,0.0015660749321533781
audio_features,average,canberra,standard,0.40901862031215364,0.9855715871254163,0.0015660749321533781
audio_features,weighted,canberra,minMax,0.5207948876860454,0.9855715871254163,0.0015660749321533781
audio_features,weighted,canberra,standard,0.27527702047714003,0.9855715871254163,0.0015660749321533781
audio_features,single,chebyshev,minMax,0.5319044646720653,0.9855715871254163,0.0015660749321533781
audio_features,single,chebyshev,standard,0.4399907462081369,0.9855715871254163,0.0015660749321533781
audio_features,complete,chebyshev,minMax,0.4012477936036804,0.9855715871254163,0.0015660749321533781
audio_features,complete,chebyshev,standard,0.6252451736494048,0.9855715871254163,0.0015660749321533781
audio_features,average,chebyshev,minMax,0.6893593885331003,0.9855715871254163,0.0015660749321533781
audio_features,average,chebyshev,standard,0.6714781056924808,0.9855715871254163,0.0015660749321533781
audio_features,weighted,chebyshev,minMax,0.625284685236802,0.9855715871254163,0.0015660749321533781
audio_features,weighted,chebyshev,standard,0.5776297183510765,0.9855715871254163,0.0015660749321533781
audio_features,single,cityblock,minMax,0.48052631122943107,0.9855715871254163,0.0015660749321533781
audio_features,single,cityblock,standard,0.5093009873179417,0.9855715871254163,0.0015660749321533781
audio_features,complete,cityblock,minMax,0.5671500034473664,0.9855715871254163,0.0015660749321533781
audio_features,complete,cityblock,standard,0.4574240417591782,0.9855715871254163,0.0015660749321533781
audio_features,average,cityblock,minMax,0.6672055882520952,0.9855715871254163,0.0015660749321533781
audio_features,average,cityblock,standard,0.6075814664631225,0.9855715871254163,0.0015660749321533781
audio_features,weighted,cityblock,minMax,0.6132224705788729,0.9855715871254163,0.0015660749321533781
audio_features,weighted,cityblock,standard,0.5251189777145062,0.9855715871254163,0.0015660749321533781
audio_features,single,correlation,minMax,0.5334278065609837,0.9855715871254163,0.0015660749321533781
audio_features,single,correlation,standard,0.019316378583512827,0.9855715871254163,0.0015660749321533781
audio_features,complete,correlation,minMax,0.6883131656345941,0.9855715871254163,0.0015660749321533781
audio_features,complete,correlation,standard,0.3331463614434046,0.9855715871254163,0.0015660749321533781
audio_features,average,correlation,minMax,0.6958408077547328,0.9855715871254163,0.0015660749321533781
audio_features,average,correlation,standard,0.4488483898954892,0.9855715871254163,0.0015660749321533781
audio_features,weighted,correlation,minMax,0.6422938384803665,0.9855715871254163,0.0015660749321533781
audio_features,weighted,correlation,standard,0.3814694472449973,0.9855715871254163,0.0015660749321533781
audio_features,single,cosine,minMax,0.5298515545146032,0.9855715871254163,0.0015660749321533781
audio_features,single,cosine,standard,0.009752542830630536,0.9855715871254163,0.0015660749321533781
audio_features,complete,cosine,minMax,0.6187508583490792,0.9855715871254163,0.0015660749321533781
audio_features,complete,cosine,standard,0.3273122306439655,0.9855715871254163,0.0015660749321533781
audio_features,average,cosine,minMax,0.6839388123430372,0.9855715871254163,0.0015660749321533781
audio_features,average,cosine,standard,0.42619303317572693,0.9855715871254163,0.0015660749321533781
audio_features,weighted,cosine,minMax,0.6030811407686895,0.9855715871254163,0.0015660749321533781
audio_features,weighted,cosine,standard,0.31761202509900993,0.9855715871254163,0.0015660749321533781
audio_features,single,dice,minMax,0.4261174952202484,0.9855715871254163,0.0015660749321533781
audio_features,single,dice,standard,,0.9855715871254163,0.0015660749321533781
audio_features,complete,dice,minMax,0.4201467540977406,0.9855715871254163,0.0015660749321533781
audio_features,complete,dice,standard,,0.9855715871254163,0.0015660749321533781
audio_features,average,dice,minMax,0.4076092225249362,0.9855715871254163,0.0015660749321533781
audio_features,average,dice,standard,,0.9855715871254163,0.0015660749321533781
audio_features,weighted,dice,minMax,0.3988855222358709,0.9855715871254163,0.0015660749321533781
audio_features,weighted,dice,standard,,0.9855715871254163,0.0015660749321533781
audio_features,single,euclidean,minMax,0.5392611883342603,0.9855715871254163,0.0015660749321533781
audio_features,single,euclidean,standard,0.5885003478850621,0.9855715871254163,0.0015660749321533781
audio_features,complete,euclidean,minMax,0.5843428964750002,0.9855715871254163,0.0015660749321533781
audio_features,complete,euclidean,standard,0.5623149400489024,0.9855715871254163,0.0015660749321533781
audio_features,average,euclidean,minMax,0.7042391118575693,0.9855715871254163,0.0015660749321533781
audio_features,average,euclidean,standard,0.7332261047703825,0.9855715871254163,0.0015660749321533781
audio_features,weighted,euclidean,minMax,0.663728840886855,0.9855715871254163,0.0015660749321533781
audio_features,weighted,euclidean,standard,0.4449545071929465,0.9855715871254163,0.0015660749321533781
audio_features,centroid,euclidean,minMax,0.6842064906303955,0.9855715871254163,0.0015660749321533781
audio_features,centroid,euclidean,standard,0.7135991047208667,0.9855715871254163,0.0015660749321533781
audio_features,median,euclidean,minMax,0.5506485256778899,0.9855715871254163,0.0015660749321533781
audio_features,median,euclidean,standard,0.6173022229383116,0.9855715871254163,0.0015660749321533781
audio_features,ward,euclidean,minMax,0.6701888011475869,0.9855715871254163,0.0015660749321533781
audio_features,ward,euclidean,standard,0.4339092055933509,0.9855715871254163,0.0015660749321533781
audio_features,single,hamming,minMax,0.09317591252643667,0.9855715871254163,0.0015660749321533781
audio_features,single,hamming,standard,0.06971075083417363,0.9855715871254163,0.0015660749321533781
audio_features,complete,hamming,minMax,0.37859894183789955,0.9855715871254163,0.0015660749321533781
audio_features,complete,hamming,standard,0.16063916517109833,0.9855715871254163,0.0015660749321533781
audio_features,average,hamming,minMax,0.4441002508891181,0.9855715871254163,0.0015660749321533781
audio_features,average,hamming,standard,0.2154050024825507,0.9855715871254163,0.0015660749321533781
audio_features,weighted,hamming,minMax,0.3799965900947722,0.9855715871254163,0.0015660749321533781
audio_features,weighted,hamming,standard,0.18651315636762036,0.9855715871254163,0.0015660749321533781
audio_features,single,jaccard,minMax,0.12567330613154293,0.9855715871254163,0.0015660749321533781
audio_features,single,jaccard,standard,0.06971075083417363,0.9855715871254163,0.0015660749321533781
audio_features,complete,jaccard,minMax,0.17947347700796076,0.9855715871254163,0.0015660749321533781
audio_features,complete,jaccard,standard,0.16063916517109833,0.9855715871254163,0.0015660749321533781
audio_features,average,jaccard,minMax,0.20758408177556897,0.9855715871254163,0.0015660749321533781
audio_features,average,jaccard,standard,0.2154050024825507,0.9855715871254163,0.0015660749321533781
audio_features,weighted,jaccard,minMax,0.17681348180334572,0.9855715871254163,0.0015660749321533781
audio_features,weighted,jaccard,standard,0.18651315636762036,0.9855715871254163,0.0015660749321533781
audio_features,single,kulsinski,minMax,0.35835970841590065,0.9855715871254163,0.0015660749321533781
audio_features,single,kulsinski,standard,,0.9855715871254163,0.0015660749321533781
audio_features,complete,kulsinski,minMax,0.42681939493330745,0.9855715871254163,0.0015660749321533781
audio_features,complete,kulsinski,standard,,0.9855715871254163,0.0015660749321533781
audio_features,average,kulsinski,minMax,0.35539794811095,0.9855715871254163,0.0015660749321533781
audio_features,average,kulsinski,standard,,0.9855715871254163,0.0015660749321533781
audio_features,weighted,kulsinski,minMax,0.4791967414374237,0.9855715871254163,0.0015660749321533781
audio_features,weighted,kulsinski,standard,,0.9855715871254163,0.0015660749321533781
audio_features,single,mahalanobis,minMax,0.2302163198976847,0.9855715871254163,0.0015660749321533781
audio_features,single,mahalanobis,standard,0.5759153274332971,0.9855715871254163,0.0015660749321533781
audio_features,complete,mahalanobis,minMax,0.2019192129147964,0.9855715871254163,0.0015660749321533781
audio_features,complete,mahalanobis,standard,0.5229786444263348,0.9855715871254163,0.0015660749321533781
audio_features,average,mahalanobis,minMax,0.2718499516955199,0.9855715871254163,0.0015660749321533781
audio_features,average,mahalanobis,standard,0.6677396553574262,0.9855715871254163,0.0015660749321533781
audio_features,weighted,mahalanobis,minMax,0.2278972410088914,0.9855715871254163,0.0015660749321533781
audio_features,weighted,mahalanobis,standard,0.5398566946680078,0.9855715871254163,0.0015660749321533781
audio_features,single,matching,minMax,0.09317591252643667,0.9855715871254163,0.0015660749321533781
audio_features,single,matching,standard,0.06971075083417363,0.9855715871254163,0.0015660749321533781
audio_features,complete,matching,minMax,0.37859894183789955,0.9855715871254163,0.0015660749321533781
audio_features,complete,matching,standard,0.16063916517109833,0.9855715871254163,0.0015660749321533781
audio_features,average,matching,minMax,0.4441002508891181,0.9855715871254163,0.0015660749321533781
audio_features,average,matching,standard,0.2154050024825507,0.9855715871254163,0.0015660749321533781
audio_features,weighted,matching,minMax,0.3799965900947722,0.9855715871254163,0.0015660749321533781
audio_features,weighted,matching,standard,0.18651315636762036,0.9855715871254163,0.0015660749321533781
audio_features,single,minkowski,minMax,0.5392611883342603,0.9855715871254163,0.0015660749321533781
audio_features,single,minkowski,standard,0.588500347885062,0.9855715871254163,0.0015660749321533781
audio_features,complete,minkowski,minMax,0.5843428964750002,0.9855715871254163,0.0015660749321533781
audio_features,complete,minkowski,standard,0.5623149400489023,0.9855715871254163,0.0015660749321533781
audio_features,average,minkowski,minMax,0.7042391118575695,0.9855715871254163,0.0015660749321533781
audio_features,average,minkowski,standard,0.7332261047703826,0.9855715871254163,0.0015660749321533781
audio_features,weighted,minkowski,minMax,0.6637288408868549,0.9855715871254163,0.0015660749321533781
audio_features,weighted,minkowski,standard,0.4449545071929466,0.9855715871254163,0.0015660749321533781
audio_features,single,rogerstanimoto,minMax,0.42955327959298867,0.9855715871254163,0.0015660749321533781
audio_features,single,rogerstanimoto,standard,,0.9855715871254163,0.0015660749321533781
audio_features,complete,rogerstanimoto,minMax,0.4835464980793764,0.9855715871254163,0.0015660749321533781
audio_features,complete,rogerstanimoto,standard,,0.9855715871254163,0.0015660749321533781
audio_features,average,rogerstanimoto,minMax,0.4474409992684335,0.9855715871254163,0.0015660749321533781
audio_features,average,rogerstanimoto,standard,,0.9855715871254163,0.0015660749321533781
audio_features,weighted,rogerstanimoto,minMax,0.4575077464922008,0.9855715871254163,0.0015660749321533781
audio_features,weighted,rogerstanimoto,standard,,0.9855715871254163,0.0015660749321533781
audio_features,single,russellrao,minMax,0.24269155421951094,0.9855715871254163,0.0015660749321533781
audio_features,single,russellrao,standard,,0.9855715871254163,0.0015660749321533781
audio_features,complete,russellrao,minMax,0.3942673813735221,0.9855715871254163,0.0015660749321533781
audio_features,complete,russellrao,standard,,0.9855715871254163,0.0015660749321533781
audio_features,average,russellrao,minMax,0.2382273831457544,0.9855715871254163,0.0015660749321533781
audio_features,average,russellrao,standard,,0.9855715871254163,0.0015660749321533781
audio_features,weighted,russellrao,minMax,0.31138346574375253,0.9855715871254163,0.0015660749321533781
audio_features,weighted,russellrao,standard,,0.9855715871254163,0.0015660749321533781
audio_features,single,seuclidean,minMax,0.3144062193871085,0.9855715871254163,0.0015660749321533781
audio_features,single,seuclidean,standard,0.5885003478850614,0.9855715871254163,0.0015660749321533781
audio_features,complete,seuclidean,minMax,0.46841487914950447,0.9855715871254163,0.0015660749321533781
audio_features,complete,seuclidean,standard,0.5623149400489029,0.9855715871254163,0.0015660749321533781
audio_features,average,seuclidean,minMax,0.4206959257767838,0.9855715871254163,0.0015660749321533781
audio_features,average,seuclidean,standard,0.7332261047703831,0.9855715871254163,0.0015660749321533781
audio_features,weighted,seuclidean,minMax,0.16826034188190314,0.9855715871254163,0.0015660749321533781
audio_features,weighted,seuclidean,standard,0.444954507192947,0.9855715871254163,0.0015660749321533781
audio_features,single,sokalmichener,minMax,0.42955327959298867,0.9855715871254163,0.0015660749321533781
audio_features,single,sokalmichener,standard,,0.9855715871254163,0.0015660749321533781
audio_features,complete,sokalmichener,minMax,0.4835464980793764,0.9855715871254163,0.0015660749321533781
audio_features,complete,sokalmichener,standard,,0.9855715871254163,0.0015660749321533781
audio_features,average,sokalmichener,minMax,0.4474409992684335,0.9855715871254163,0.0015660749321533781
audio_features,average,sokalmichener,standard,,0.9855715871254163,0.0015660749321533781
audio_features,weighted,sokalmichener,minMax,0.4575077464922008,0.9855715871254163,0.0015660749321533781
audio_features,weighted,sokalmichener,standard,,0.9855715871254163,0.0015660749321533781
audio_features,single,sokalsneath,minMax,0.4265932372406621,0.9855715871254163,0.0015660749321533781
audio_features,single,sokalsneath,standard,,0.9855715871254163,0.0015660749321533781
audio_features,complete,sokalsneath,minMax,0.4260622983381299,0.9855715871254163,0.0015660749321533781
audio_features,complete,sokalsneath,standard,,0.9855715871254163,0.0015660749321533781
audio_features,average,sokalsneath,minMax,0.4155586191072431,0.9855715871254163,0.0015660749321533781
audio_features,average,sokalsneath,standard,,0.9855715871254163,0.0015660749321533781
audio_features,weighted,sokalsneath,minMax,0.40991044540320243,0.9855715871254163,0.0015660749321533781
audio_features,weighted,sokalsneath,standard,,0.9855715871254163,0.0015660749321533781
audio_features,single,sqeuclidean,minMax,0.5319088279828761,0.9855715871254163,0.0015660749321533781
audio_features,single,sqeuclidean,standard,0.5790527363132136,0.9855715871254163,0.0015660749321533781
audio_features,complete,sqeuclidean,minMax,0.5756020003169572,0.9855715871254163,0.0015660749321533781
audio_features,complete,sqeuclidean,standard,0.5660683523463157,0.9855715871254163,0.0015660749321533781
audio_features,average,sqeuclidean,minMax,0.6949086831182696,0.9855715871254163,0.0015660749321533781
audio_features,average,sqeuclidean,standard,0.6955004628077754,0.9855715871254163,0.0015660749321533781
audio_features,weighted,sqeuclidean,minMax,0.6540418907602875,0.9855715871254163,0.0015660749321533781
audio_features,weighted,sqeuclidean,standard,0.5643806347525366,0.9855715871254163,0.0015660749321533781
audio_analysis,single,braycurtis,minMax,0.7559411494112602,0.8792096991468343,0.0460086773581541
audio_analysis,single,braycurtis,standard,-0.1432431375216725,0.8792096991468343,0.0460086773581541
audio_analysis,complete,braycurtis,minMax,0.5931421334378314,0.8792096991468343,0.0460086773581541
audio_analysis,complete,braycurtis,standard,0.23074255505614402,0.8792096991468343,0.0460086773581541
audio_analysis,average,braycurtis,minMax,0.7615827506147322,0.8792096991468343,0.0460086773581541
audio_analysis,average,braycurtis,standard,0.315467989923168,0.8792096991468343,0.0460086773581541
audio_analysis,weighted,braycurtis,minMax,0.5571116787336031,0.8792096991468343,0.0460086773581541
audio_analysis,weighted,braycurtis,standard,0.23625752094045663,0.8792096991468343,0.0460086773581541
audio_analysis,single,canberra,minMax,0.7603864497415671,0.8792096991468343,0.0460086773581541
audio_analysis,single,canberra,standard,-0.17624560339429787,0.8792096991468343,0.0460086773581541
audio_analysis,complete,canberra,minMax,0.34098917968052916,0.8792096991468343,0.0460086773581541
audio_analysis,complete,canberra,standard,0.19105764747507703,0.8792096991468343,0.0460086773581541
audio_analysis,average,canberra,minMax,0.7672563992662839,0.8792096991468343,0.0460086773581541
audio_analysis,average,canberra,standard,0.23735028889076418,0.8792096991468343,0.0460086773581541
audio_analysis,weighted,canberra,minMax,0.5499641951257216,0.8792096991468343,0.0460086773581541
audio_analysis,weighted,canberra,standard,0.19809047385489584,0.8792096991468343,0.0460086773581541
audio_analysis,single,chebyshev,minMax,0.7365773478556077,0.8792096991468343,0.0460086773581541
audio_analysis,single,chebyshev,standard,0.7412685824177797,0.8792096991468343,0.0460086773581541
audio_analysis,complete,chebyshev,minMax,0.4389813438727232,0.8792096991468343,0.0460086773581541
audio_analysis,complete,chebyshev,standard,0.24937871261818065,0.8792096991468343,0.0460086773581541
audio_analysis,average,chebyshev,minMax,0.7103258358644045,0.8792096991468343,0.0460086773581541
audio_analysis,average,chebyshev,standard,0.6937553834574471,0.8792096991468343,0.0460086773581541
audio_analysis,weighted,chebyshev,minMax,0.357568755009231,0.8792096991468343,0.0460086773581541
audio_analysis,weighted,chebyshev,standard,0.4572771112118789,0.8792096991468343,0.0460086773581541
audio_analysis,single,cityblock,minMax,0.7015608662780647,0.8792096991468343,0.0460086773581541
audio_analysis,single,cityblock,standard,0.7165741628736763,0.8792096991468343,0.0460086773581541
audio_analysis,complete,cityblock,minMax,0.5344077285905013,0.8792096991468343,0.0460086773581541
audio_analysis,complete,cityblock,standard,0.5839073804550721,0.8792096991468343,0.0460086773581541
audio_analysis,average,cityblock,minMax,0.7381567985726888,0.8792096991468343,0.0460086773581541
audio_analysis,average,cityblock,standard,0.7285873227549902,0.8792096991468343,0.0460086773581541
audio_analysis,weighted,cityblock,minMax,0.4911514103003606,0.8792096991468343,0.0460086773581541
audio_analysis,weighted,cityblock,standard,0.532909416773261,0.8792096991468343,0.0460086773581541
audio_analysis,single,correlation,minMax,0.43798218413716183,0.8792096991468343,0.0460086773581541
audio_analysis,single,correlation,standard,-0.06925973092406516,0.8792096991468343,0.0460086773581541
audio_analysis,complete,correlation,minMax,0.3770228280505332,0.8792096991468343,0.0460086773581541
audio_analysis,complete,correlation,standard,0.19448948109779926,0.8792096991468343,0.0460086773581541
audio_analysis,average,correlation,minMax,0.540729175218108,0.8792096991468343,0.0460086773581541
audio_analysis,average,correlation,standard,0.3028688061912494,0.8792096991468343,0.0460086773581541
audio_analysis,weighted,correlation,minMax,0.393478437493314,0.8792096991468343,0.0460086773581541
audio_analysis,weighted,correlation,standard,0.2550831327017749,0.8792096991468343,0.0460086773581541
audio_analysis,single,cosine,minMax,0.7170406417081776,0.8792096991468343,0.0460086773581541
audio_analysis,single,cosine,standard,-0.11200452055422004,0.8792096991468343,0.0460086773581541
audio_analysis,complete,cosine,minMax,0.5729110474565104,0.8792096991468343,0.0460086773581541
audio_analysis,complete,cosine,standard,0.2384243884164633,0.8792096991468343,0.0460086773581541
audio_analysis,average,cosine,minMax,0.7447048913576735,0.8792096991468343,0.0460086773581541
audio_analysis,average,cosine,standard,0.3292466037036251,0.8792096991468343,0.0460086773581541
audio_analysis,weighted,cosine,minMax,0.4695691061126331,0.8792096991468343,0.0460086773581541
audio_analysis,weighted,cosine,standard,0.258129519601057,0.8792096991468343,0.0460086773581541
audio_analysis,single,dice,minMax,0.26057855622296755,0.8792096991468343,0.0460086773581541
audio_analysis,single,dice,standard,,0.8792096991468343,0.0460086773581541
audio_analysis,complete,dice,minMax,0.2605838107666411,0.8792096991468343,0.0460086773581541
audio_analysis,complete,dice,standard,,0.8792096991468343,0.0460086773581541
audio_analysis,average,dice,minMax,0.26060633620995227,0.8792096991468343,0.0460086773581541
audio_analysis,average,dice,standard,,0.8792096991468343,0.0460086773581541
audio_analysis,weighted,dice,minMax,0.2640475624091379,0.8792096991468343,0.0460086773581541
audio_analysis,weighted,dice,standard,,0.8792096991468343,0.0460086773581541
audio_analysis,single,euclidean,minMax,0.714186808721668,0.8792096991468343,0.0460086773581541
audio_analysis,single,euclidean,standard,0.7271960631262097,0.8792096991468343,0.0460086773581541
audio_analysis,complete,euclidean,minMax,0.4977135473683844,0.8792096991468343,0.0460086773581541
audio_analysis,complete,euclidean,standard,0.3070158264358502,0.8792096991468343,0.0460086773581541
audio_analysis,average,euclidean,minMax,0.747302625630334,0.8792096991468343,0.0460086773581541
audio_analysis,average,euclidean,standard,0.740272111741082,0.8792096991468343,0.0460086773581541
audio_analysis,weighted,euclidean,minMax,0.4477905902643328,0.8792096991468343,0.0460086773581541
audio_analysis,weighted,euclidean,standard,0.5286002913432157,0.8792096991468343,0.0460086773581541
audio_analysis,centroid,euclidean,minMax,0.6940812809258888,0.8792096991468343,0.0460086773581541
audio_analysis,centroid,euclidean,standard,0.7055671496801605,0.8792096991468343,0.0460086773581541
audio_analysis,median,euclidean,minMax,0.6149330171469399,0.8792096991468343,0.0460086773581541
audio_analysis,median,euclidean,standard,0.6314947651879469,0.8792096991468343,0.0460086773581541
audio_analysis,ward,euclidean,minMax,0.3374788987171185,0.8792096991468343,0.0460086773581541
audio_analysis,ward,euclidean,standard,0.32161631780348227,0.8792096991468343,0.0460086773581541
audio_analysis,single,hamming,minMax,0.002644566185590461,0.8792096991468343,0.0460086773581541
audio_analysis,single,hamming,standard,0.002761669156167428,0.8792096991468343,0.0460086773581541
audio_analysis,complete,hamming,minMax,0.002644566185590461,0.8792096991468343,0.0460086773581541
audio_analysis,complete,hamming,standard,0.002761669156167428,0.8792096991468343,0.0460086773581541
audio_analysis,average,hamming,minMax,0.002644566185590461,0.8792096991468343,0.0460086773581541
audio_analysis,average,hamming,standard,0.002761669156167428,0.8792096991468343,0.0460086773581541
audio_analysis,weighted,hamming,minMax,0.002644566185590461,0.8792096991468343,0.0460086773581541
audio_analysis,weighted,hamming,standard,0.002761669156167428,0.8792096991468343,0.0460086773581541
audio_analysis,single,jaccard,minMax,0.002644566185590461,0.8792096991468343,0.0460086773581541
audio_analysis,single,jaccard,standard,0.002761669156167428,0.8792096991468343,0.0460086773581541
audio_analysis,complete,jaccard,minMax,0.002644566185590461,0.8792096991468343,0.0460086773581541
audio_analysis,complete,jaccard,standard,0.002761669156167428,0.8792096991468343,0.0460086773581541
audio_analysis,average,jaccard,minMax,0.002644566185590461,0.8792096991468343,0.0460086773581541
audio_analysis,average,jaccard,standard,0.002761669156167428,0.8792096991468343,0.0460086773581541
audio_analysis,weighted,jaccard,minMax,0.002644566185590461,0.8792096991468343,0.0460086773581541
audio_analysis,weighted,jaccard,standard,0.002761669156167428,0.8792096991468343,0.0460086773581541
audio_analysis,single,kulsinski,minMax,0.2635937423448886,0.8792096991468343,0.0460086773581541
audio_analysis,single,kulsinski,standard,,0.8792096991468343,0.0460086773581541
audio_analysis,complete,kulsinski,minMax,0.26562150848654187,0.8792096991468343,0.0460086773581541
audio_analysis,complete,kulsinski,standard,,0.8792096991468343,0.0460086773581541
audio_analysis,average,kulsinski,minMax,0.26362504766505296,0.8792096991468343,0.0460086773581541
audio_analysis,average,kulsinski,standard,,0.8792096991468343,0.0460086773581541
audio_analysis,weighted,kulsinski,minMax,0.2680821504465899,0.8792096991468343,0.0460086773581541
audio_analysis,weighted,kulsinski,standard,,0.8792096991468343,0.0460086773581541
audio_analysis,single,mahalanobis,minMax,0.6506520177171546,0.8792096991468343,0.0460086773581541
audio_analysis,single,mahalanobis,standard,0.6768627047484469,0.8792096991468343,0.0460086773581541
audio_analysis,complete,mahalanobis,minMax,0.44928719111122145,0.8792096991468343,0.0460086773581541
audio_analysis,complete,mahalanobis,standard,0.4695307865376682,0.8792096991468343,0.0460086773581541
audio_analysis,average,mahalanobis,minMax,0.6380597408324712,0.8792096991468343,0.0460086773581541
audio_analysis,average,mahalanobis,standard,0.6601238715086116,0.8792096991468343,0.0460086773581541
audio_analysis,weighted,mahalanobis,minMax,0.5654540343908235,0.8792096991468343,0.0460086773581541
audio_analysis,weighted,mahalanobis,standard,0.5783725207671961,0.8792096991468343,0.0460086773581541
audio_analysis,single,matching,minMax,0.002644566185590461,0.8792096991468343,0.0460086773581541
audio_analysis,single,matching,standard,0.002761669156167428,0.8792096991468343,0.0460086773581541
audio_analysis,complete,matching,minMax,0.002644566185590461,0.8792096991468343,0.0460086773581541
audio_analysis,complete,matching,standard,0.002761669156167428,0.8792096991468343,0.0460086773581541
audio_analysis,average,matching,minMax,0.002644566185590461,0.8792096991468343,0.0460086773581541
audio_analysis,average,matching,standard,0.002761669156167428,0.8792096991468343,0.0460086773581541
audio_analysis,weighted,matching,minMax,0.002644566185590461,0.8792096991468343,0.0460086773581541
audio_analysis,weighted,matching,standard,0.002761669156167428,0.8792096991468343,0.0460086773581541
audio_analysis,single,minkowski,minMax,0.7141868087216681,0.8792096991468343,0.0460086773581541
audio_analysis,single,minkowski,standard,0.7271960631262097,0.8792096991468343,0.0460086773581541
audio_analysis,complete,minkowski,minMax,0.4977135473683846,0.8792096991468343,0.0460086773581541
audio_analysis,complete,minkowski,standard,0.3070158264358501,0.8792096991468343,0.0460086773581541
audio_analysis,average,minkowski,minMax,0.7473026256303339,0.8792096991468343,0.0460086773581541
audio_analysis,average,minkowski,standard,0.7402721117410819,0.8792096991468343,0.0460086773581541
audio_analysis,weighted,minkowski,minMax,0.4477905902643328,0.8792096991468343,0.0460086773581541
audio_analysis,weighted,minkowski,standard,0.5286002913432157,0.8792096991468343,0.0460086773581541
audio_analysis,single,rogerstanimoto,minMax,0.2635937423448886,0.8792096991468343,0.0460086773581541
audio_analysis,single,rogerstanimoto,standard,,0.8792096991468343,0.0460086773581541
audio_analysis,complete,rogerstanimoto,minMax,0.26562150848654187,0.8792096991468343,0.0460086773581541
audio_analysis,complete,rogerstanimoto,standard,,0.8792096991468343,0.0460086773581541
audio_analysis,average,rogerstanimoto,minMax,0.26362504766505296,0.8792096991468343,0.0460086773581541
audio_analysis,average,rogerstanimoto,standard,,0.8792096991468343,0.0460086773581541
audio_analysis,weighted,rogerstanimoto,minMax,0.2680821504465899,0.8792096991468343,0.0460086773581541
audio_analysis,weighted,rogerstanimoto,standard,,0.8792096991468343,0.0460086773581541
audio_analysis,single,russellrao,minMax,0.26168116945939174,0.8792096991468343,0.0460086773581541
audio_analysis,single,russellrao,standard,,0.8792096991468343,0.0460086773581541
audio_analysis,complete,russellrao,minMax,0.26259933184409306,0.8792096991468343,0.0460086773581541
audio_analysis,complete,russellrao,standard,,0.8792096991468343,0.0460086773581541
audio_analysis,average,russellrao,minMax,0.2617110836995708,0.8792096991468343,0.0460086773581541
audio_analysis,average,russellrao,standard,,0.8792096991468343,0.0460086773581541
audio_analysis,weighted,russellrao,minMax,0.26565812813763906,0.8792096991468343,0.0460086773581541
audio_analysis,weighted,russellrao,standard,,0.8792096991468343,0.0460086773581541
audio_analysis,single,seuclidean,minMax,0.6995829674974188,0.8792096991468343,0.0460086773581541
audio_analysis,single,seuclidean,standard,0.7271960631262093,0.8792096991468343,0.0460086773581541
audio_analysis,complete,seuclidean,minMax,0.29640977417083214,0.8792096991468343,0.0460086773581541
audio_analysis,complete,seuclidean,standard,0.30701582643585035,0.8792096991468343,0.0460086773581541
audio_analysis,average,seuclidean,minMax,0.7325113189971769,0.8792096991468343,0.0460086773581541
audio_analysis,average,seuclidean,standard,0.7402721117410824,0.8792096991468343,0.0460086773581541
audio_analysis,weighted,seuclidean,minMax,0.5221634805028306,0.8792096991468343,0.0460086773581541
audio_analysis,weighted,seuclidean,standard,0.528600291343216,0.8792096991468343,0.0460086773581541
audio_analysis,single,sokalmichener,minMax,0.2635937423448886,0.8792096991468343,0.0460086773581541
audio_analysis,single,sokalmichener,standard,,0.8792096991468343,0.0460086773581541
audio_analysis,complete,sokalmichener,minMax,0.26562150848654187,0.8792096991468343,0.0460086773581541
audio_analysis,complete,sokalmichener,standard,,0.8792096991468343,0.0460086773581541
audio_analysis,average,sokalmichener,minMax,0.26362504766505296,0.8792096991468343,0.0460086773581541
audio_analysis,average,sokalmichener,standard,,0.8792096991468343,0.0460086773581541
audio_analysis,weighted,sokalmichener,minMax,0.2680821504465899,0.8792096991468343,0.0460086773581541
audio_analysis,weighted,sokalmichener,standard,,0.8792096991468343,0.0460086773581541
audio_analysis,single,sokalsneath,minMax,0.2635937423448886,0.8792096991468343,0.0460086773581541
audio_analysis,single,sokalsneath,standard,,0.8792096991468343,0.0460086773581541
audio_analysis,complete,sokalsneath,minMax,0.26562150848654187,0.8792096991468343,0.0460086773581541
audio_analysis,complete,sokalsneath,standard,,0.8792096991468343,0.0460086773581541
audio_analysis,average,sokalsneath,minMax,0.26362504766505296,0.8792096991468343,0.0460086773581541
audio_analysis,average,sokalsneath,standard,,0.8792096991468343,0.0460086773581541
audio_analysis,weighted,sokalsneath,minMax,0.2680821504465899,0.8792096991468343,0.0460086773581541
audio_analysis,weighted,sokalsneath,standard,,0.8792096991468343,0.0460086773581541
audio_analysis,single,sqeuclidean,minMax,0.6927654266263185,0.8792096991468343,0.0460086773581541
audio_analysis,single,sqeuclidean,standard,0.7065041543294426,0.8792096991468343,0.0460086773581541
audio_analysis,complete,sqeuclidean,minMax,0.5009574411240018,0.8792096991468343,0.0460086773581541
audio_analysis,complete,sqeuclidean,standard,0.2803199344264866,0.8792096991468343,0.0460086773581541
audio_analysis,average,sqeuclidean,minMax,0.734218496714312,0.8792096991468343,0.0460086773581541
audio_analysis,average,sqeuclidean,standard,0.7284922226158225,0.8792096991468343,0.0460086773581541
audio_analysis,weighted,sqeuclidean,minMax,0.4835037402000852,0.8792096991468343,0.0460086773581541
audio_analysis,weighted,sqeuclidean,standard,0.48777153753164065,0.8792096991468343,0.0460086773581541
audio_tracks,single,braycurtis,minMax,0.4732109015906421,0.969963749352667,0.005245672535012073
audio_tracks,single,braycurtis,standard,-0.08259486065532573,0.969963749352667,0.005245672535012073
audio_tracks,complete,braycurtis,minMax,0.45568158826845356,0.969963749352667,0.005245672535012073
audio_tracks,complete,braycurtis,standard,0.2651599321652841,0.969963749352667,0.005245672535012073
audio_tracks,average,braycurtis,minMax,0.5689415618843502,0.969963749352667,0.005245672535012073
audio_tracks,average,braycurtis,standard,0.3572791884762889,0.969963749352667,0.005245672535012073
audio_tracks,weighted,braycurtis,minMax,0.4798342845443794,0.969963749352667,0.005245672535012073
audio_tracks,weighted,braycurtis,standard,0.31161773561506784,0.969963749352667,0.005245672535012073
audio_tracks,single,canberra,minMax,0.4975935359195576,0.969963749352667,0.005245672535012073
audio_tracks,single,canberra,standard,-0.10411825959652819,0.969963749352667,0.005245672535012073
audio_tracks,complete,canberra,minMax,0.42600535103735226,0.969963749352667,0.005245672535012073
audio_tracks,complete,canberra,standard,0.2843768342535457,0.969963749352667,0.005245672535012073
audio_tracks,average,canberra,minMax,0.5674907152675206,0.969963749352667,0.005245672535012073
audio_tracks,average,canberra,standard,0.27220138250455106,0.969963749352667,0.005245672535012073
audio_tracks,weighted,canberra,minMax,0.43396830745631826,0.969963749352667,0.005245672535012073
audio_tracks,weighted,canberra,standard,0.2335380705465449,0.969963749352667,0.005245672535012073
audio_tracks,single,chebyshev,minMax,0.38441994298282617,0.969963749352667,0.005245672535012073
audio_tracks,single,chebyshev,standard,0.5696643150961249,0.969963749352667,0.005245672535012073
audio_tracks,complete,chebyshev,minMax,0.2690612102744111,0.969963749352667,0.005245672535012073
audio_tracks,complete,chebyshev,standard,0.2624246190971959,0.969963749352667,0.005245672535012073
audio_tracks,average,chebyshev,minMax,0.4795872703388643,0.969963749352667,0.005245672535012073
audio_tracks,average,chebyshev,standard,0.5596342573525743,0.969963749352667,0.005245672535012073
audio_tracks,weighted,chebyshev,minMax,0.48313379699324105,0.969963749352667,0.005245672535012073
audio_tracks,weighted,chebyshev,standard,0.47289037875069134,0.969963749352667,0.005245672535012073
audio_tracks,single,cityblock,minMax,0.3983453998947007,0.969963749352667,0.005245672535012073
audio_tracks,single,cityblock,standard,0.6340222701103259,0.969963749352667,0.005245672535012073
audio_tracks,complete,cityblock,minMax,0.4864256028536611,0.969963749352667,0.005245672535012073
audio_tracks,complete,cityblock,standard,0.4880704804167281,0.969963749352667,0.005245672535012073
audio_tracks,average,cityblock,minMax,0.5822913934465769,0.969963749352667,0.005245672535012073
audio_tracks,average,cityblock,standard,0.6719265242384649,0.969963749352667,0.005245672535012073
audio_tracks,weighted,cityblock,minMax,0.4900111963062656,0.969963749352667,0.005245672535012073
audio_tracks,weighted,cityblock,standard,0.3992607986452231,0.969963749352667,0.005245672535012073
audio_tracks,single,correlation,minMax,0.33632629972750006,0.969963749352667,0.005245672535012073
audio_tracks,single,correlation,standard,-0.0631416686065788,0.969963749352667,0.005245672535012073
audio_tracks,complete,correlation,minMax,0.5124526860184152,0.969963749352667,0.005245672535012073
audio_tracks,complete,correlation,standard,0.28326614824288543,0.969963749352667,0.005245672535012073
audio_tracks,average,correlation,minMax,0.5582861894457221,0.969963749352667,0.005245672535012073
audio_tracks,average,correlation,standard,0.373734520801063,0.969963749352667,0.005245672535012073
audio_tracks,weighted,correlation,minMax,0.5008585123596531,0.969963749352667,0.005245672535012073
audio_tracks,weighted,correlation,standard,0.26349810549254066,0.969963749352667,0.005245672535012073
audio_tracks,single,cosine,minMax,0.48984010169727726,0.969963749352667,0.005245672535012073
audio_tracks,single,cosine,standard,-0.1067339695308907,0.969963749352667,0.005245672535012073
audio_tracks,complete,cosine,minMax,0.49157391229318453,0.969963749352667,0.005245672535012073
audio_tracks,complete,cosine,standard,0.2753342481728661,0.969963749352667,0.005245672535012073
audio_tracks,average,cosine,minMax,0.5829410458293586,0.969963749352667,0.005245672535012073
audio_tracks,average,cosine,standard,0.38809470338475976,0.969963749352667,0.005245672535012073
audio_tracks,weighted,cosine,minMax,0.40583785960924945,0.969963749352667,0.005245672535012073
audio_tracks,weighted,cosine,standard,0.3209233179030283,0.969963749352667,0.005245672535012073
audio_tracks,single,dice,minMax,0.3180685045158328,0.969963749352667,0.005245672535012073
audio_tracks,single,dice,standard,,0.969963749352667,0.005245672535012073
audio_tracks,complete,dice,minMax,0.31483518846707803,0.969963749352667,0.005245672535012073
audio_tracks,complete,dice,standard,,0.969963749352667,0.005245672535012073
audio_tracks,average,dice,minMax,0.2708916013797636,0.969963749352667,0.005245672535012073
audio_tracks,average,dice,standard,,0.969963749352667,0.005245672535012073
audio_tracks,weighted,dice,minMax,0.33239350407537177,0.969963749352667,0.005245672535012073
audio_tracks,weighted,dice,standard,,0.969963749352667,0.005245672535012073
audio_tracks,single,euclidean,minMax,0.49003744429740814,0.969963749352667,0.005245672535012073
audio_tracks,single,euclidean,standard,0.668391888861926,0.969963749352667,0.005245672535012073
audio_tracks,complete,euclidean,minMax,0.5074901479861822,0.969963749352667,0.005245672535012073
audio_tracks,complete,euclidean,standard,0.3925345692761208,0.969963749352667,0.005245672535012073
audio_tracks,average,euclidean,minMax,0.6075625000361728,0.969963749352667,0.005245672535012073
audio_tracks,average,euclidean,standard,0.7150299691413127,0.969963749352667,0.005245672535012073
audio_tracks,weighted,euclidean,minMax,0.5250972266343913,0.969963749352667,0.005245672535012073
audio_tracks,weighted,euclidean,standard,0.5057365508654516,0.969963749352667,0.005245672535012073
audio_tracks,centroid,euclidean,minMax,0.4968082514615157,0.969963749352667,0.005245672535012073
audio_tracks,centroid,euclidean,standard,0.649541691522571,0.969963749352667,0.005245672535012073
audio_tracks,median,euclidean,minMax,0.47423723970100307,0.969963749352667,0.005245672535012073
audio_tracks,median,euclidean,standard,0.5652682480795072,0.969963749352667,0.005245672535012073
audio_tracks,ward,euclidean,minMax,0.529116035623191,0.969963749352667,0.005245672535012073
audio_tracks,ward,euclidean,standard,0.3526214398105395,0.969963749352667,0.005245672535012073
audio_tracks,single,hamming,minMax,0.06831719104058837,0.969963749352667,0.005245672535012073
audio_tracks,single,hamming,standard,0.030363254511814635,0.969963749352667,0.005245672535012073
audio_tracks,complete,hamming,minMax,0.2819273793783109,0.969963749352667,0.005245672535012073
audio_tracks,complete,hamming,standard,0.08041136729294668,0.969963749352667,0.005245672535012073
audio_tracks,average,hamming,minMax,0.3346194583126301,0.969963749352667,0.005245672535012073
audio_tracks,average,hamming,standard,0.12244757699509828,0.969963749352667,0.005245672535012073
audio_tracks,weighted,hamming,minMax,0.30350810010338,0.969963749352667,0.005245672535012073
audio_tracks,weighted,hamming,standard,0.106062967977509,0.969963749352667,0.005245672535012073
audio_tracks,single,jaccard,minMax,0.06831429159481645,0.969963749352667,0.005245672535012073
audio_tracks,single,jaccard,standard,0.030363254511814635,0.969963749352667,0.005245672535012073
audio_tracks,complete,jaccard,minMax,0.17908962906026732,0.969963749352667,0.005245672535012073
audio_tracks,complete,jaccard,standard,0.08041136729294668,0.969963749352667,0.005245672535012073
audio_tracks,average,jaccard,minMax,0.20897394556927423,0.969963749352667,0.005245672535012073
audio_tracks,average,jaccard,standard,0.12244757699509828,0.969963749352667,0.005245672535012073
audio_tracks,weighted,jaccard,minMax,0.17321482631091914,0.969963749352667,0.005245672535012073
audio_tracks,weighted,jaccard,standard,0.106062967977509,0.969963749352667,0.005245672535012073
audio_tracks,single,kulsinski,minMax,0.2644643716514738,0.969963749352667,0.005245672535012073
audio_tracks,single,kulsinski,standard,,0.969963749352667,0.005245672535012073
audio_tracks,complete,kulsinski,minMax,0.3109845124036169,0.969963749352667,0.005245672535012073
audio_tracks,complete,kulsinski,standard,,0.969963749352667,0.005245672535012073
audio_tracks,average,kulsinski,minMax,0.24170914436350155,0.969963749352667,0.005245672535012073
audio_tracks,average,kulsinski,standard,,0.969963749352667,0.005245672535012073
audio_tracks,weighted,kulsinski,minMax,0.31877783611065913,0.969963749352667,0.005245672535012073
audio_tracks,weighted,kulsinski,standard,,0.969963749352667,0.005245672535012073
audio_tracks,single,mahalanobis,minMax,0.4171856305976244,0.969963749352667,0.005245672535012073
audio_tracks,single,mahalanobis,standard,0.6275732317371564,0.969963749352667,0.005245672535012073
audio_tracks,complete,mahalanobis,minMax,0.21658777781752903,0.969963749352667,0.005245672535012073
audio_tracks,complete,mahalanobis,standard,0.3235454765431596,0.969963749352667,0.005245672535012073
audio_tracks,average,mahalanobis,minMax,0.4097516766730515,0.969963749352667,0.005245672535012073
audio_tracks,average,mahalanobis,standard,0.6175313065629824,0.969963749352667,0.005245672535012073
audio_tracks,weighted,mahalanobis,minMax,0.3626842357478949,0.969963749352667,0.005245672535012073
audio_tracks,weighted,mahalanobis,standard,0.5414326939898013,0.969963749352667,0.005245672535012073
audio_tracks,single,matching,minMax,0.06831719104058837,0.969963749352667,0.005245672535012073
audio_tracks,single,matching,standard,0.030363254511814635,0.969963749352667,0.005245672535012073
audio_tracks,complete,matching,minMax,0.2819273793783109,0.969963749352667,0.005245672535012073
audio_tracks,complete,matching,standard,0.08041136729294668,0.969963749352667,0.005245672535012073
audio_tracks,average,matching,minMax,0.3346194583126301,0.969963749352667,0.005245672535012073
audio_tracks,average,matching,standard,0.12244757699509828,0.969963749352667,0.005245672535012073
audio_tracks,weighted,matching,minMax,0.30350810010338,0.969963749352667,0.005245672535012073
audio_tracks,weighted,matching,standard,0.106062967977509,0.969963749352667,0.005245672535012073
audio_tracks,single,minkowski,minMax,0.4900374442974082,0.969963749352667,0.005245672535012073
audio_tracks,single,minkowski,standard,0.6683918888619257,0.969963749352667,0.005245672535012073
audio_tracks,complete,minkowski,minMax,0.5074901479861822,0.969963749352667,0.005245672535012073
audio_tracks,complete,minkowski,standard,0.39253456927612096,0.969963749352667,0.005245672535012073
audio_tracks,average,minkowski,minMax,0.607562500036173,0.969963749352667,0.005245672535012073
audio_tracks,average,minkowski,standard,0.7150299691413126,0.969963749352667,0.005245672535012073
audio_tracks,weighted,minkowski,minMax,0.5250972266343913,0.969963749352667,0.005245672535012073
audio_tracks,weighted,minkowski,standard,0.5057365508654516,0.969963749352667,0.005245672535012073
audio_tracks,single,rogerstanimoto,minMax,0.31853813486885346,0.969963749352667,0.005245672535012073
audio_tracks,single,rogerstanimoto,standard,,0.969963749352667,0.005245672535012073
audio_tracks,complete,rogerstanimoto,minMax,0.3167970784056193,0.969963749352667,0.005245672535012073
audio_tracks,complete,rogerstanimoto,standard,,0.969963749352667,0.005245672535012073
audio_tracks,average,rogerstanimoto,minMax,0.27482798213193366,0.969963749352667,0.005245672535012073
audio_tracks,average,rogerstanimoto,standard,,0.969963749352667,0.005245672535012073
audio_tracks,weighted,rogerstanimoto,minMax,0.31715490753848086,0.969963749352667,0.005245672535012073
audio_tracks,weighted,rogerstanimoto,standard,,0.969963749352667,0.005245672535012073
audio_tracks,single,russellrao,minMax,0.1797863245816927,0.969963749352667,0.005245672535012073
audio_tracks,single,russellrao,standard,,0.969963749352667,0.005245672535012073
audio_tracks,complete,russellrao,minMax,0.21350735574876045,0.969963749352667,0.005245672535012073
audio_tracks,complete,russellrao,standard,,0.969963749352667,0.005245672535012073
audio_tracks,average,russellrao,minMax,0.2192524900667462,0.969963749352667,0.005245672535012073
audio_tracks,average,russellrao,standard,,0.969963749352667,0.005245672535012073
audio_tracks,weighted,russellrao,minMax,0.28842190192062495,0.969963749352667,0.005245672535012073
audio_tracks,weighted,russellrao,standard,,0.969963749352667,0.005245672535012073
audio_tracks,single,seuclidean,minMax,0.44081582777545497,0.969963749352667,0.005245672535012073
audio_tracks,single,seuclidean,standard,0.6683918888619256,0.969963749352667,0.005245672535012073
audio_tracks,complete,seuclidean,minMax,0.3709522474694364,0.969963749352667,0.005245672535012073
audio_tracks,complete,seuclidean,standard,0.3925345692761207,0.969963749352667,0.005245672535012073
audio_tracks,average,seuclidean,minMax,0.5479673201391202,0.969963749352667,0.005245672535012073
audio_tracks,average,seuclidean,standard,0.7150299691413118,0.969963749352667,0.005245672535012073
audio_tracks,weighted,seuclidean,minMax,0.4736494208683093,0.969963749352667,0.005245672535012073
audio_tracks,weighted,seuclidean,standard,0.5057365508654511,0.969963749352667,0.005245672535012073
audio_tracks,single,sokalmichener,minMax,0.31853813486885346,0.969963749352667,0.005245672535012073
audio_tracks,single,sokalmichener,standard,,0.969963749352667,0.005245672535012073
audio_tracks,complete,sokalmichener,minMax,0.3167970784056193,0.969963749352667,0.005245672535012073
audio_tracks,complete,sokalmichener,standard,,0.969963749352667,0.005245672535012073
audio_tracks,average,sokalmichener,minMax,0.27482798213193366,0.969963749352667,0.005245672535012073
audio_tracks,average,sokalmichener,standard,,0.969963749352667,0.005245672535012073
audio_tracks,weighted,sokalmichener,minMax,0.31715490753848086,0.969963749352667,0.005245672535012073
audio_tracks,weighted,sokalmichener,standard,,0.969963749352667,0.005245672535012073
audio_tracks,single,sokalsneath,minMax,0.3182066980505111,0.969963749352667,0.005245672535012073
audio_tracks,single,sokalsneath,standard,,0.969963749352667,0.005245672535012073
audio_tracks,complete,sokalsneath,minMax,0.3133219715153966,0.969963749352667,0.005245672535012073
audio_tracks,complete,sokalsneath,standard,,0.969963749352667,0.005245672535012073
audio_tracks,average,sokalsneath,minMax,0.3345451485382028,0.969963749352667,0.005245672535012073
audio_tracks,average,sokalsneath,standard,,0.969963749352667,0.005245672535012073
audio_tracks,weighted,sokalsneath,minMax,0.3312073285192885,0.969963749352667,0.005245672535012073
audio_tracks,weighted,sokalsneath,standard,,0.969963749352667,0.005245672535012073
audio_tracks,single,sqeuclidean,minMax,0.47535517816249956,0.969963749352667,0.005245672535012073
audio_tracks,single,sqeuclidean,standard,0.6527727154228395,0.969963749352667,0.005245672535012073
audio_tracks,complete,sqeuclidean,minMax,0.5080477226028492,0.969963749352667,0.005245672535012073
audio_tracks,complete,sqeuclidean,standard,0.3817384396507423,0.969963749352667,0.005245672535012073
audio_tracks,average,sqeuclidean,minMax,0.6047332036498214,0.969963749352667,0.005245672535012073
audio_tracks,average,sqeuclidean,standard,0.7123052827563248,0.969963749352667,0.005245672535012073
audio_tracks,weighted,sqeuclidean,minMax,0.47998032843954086,0.969963749352667,0.005245672535012073
audio_tracks,weighted,sqeuclidean,standard,0.24491026937889568,0.969963749352667,0.005245672535012073
